,name,company,year,Price,kms_driven,fuel_type
0,Santro Xing XO eRLX Euro III,Hyundai,2007.0,80000.0,45000,Petrol
1,Grand i10 Magna 1.2 Kappa VTVT,Hyundai,2014.0,325000.0,28000,Petrol
2,EcoSport Titanium 1.5L TDCi,Ford,2014.0,575000.0,36000,Diesel
3,Figo,Ford,2012.0,175000.0,41000,Diesel
4,Eon,Hyundai,2013.0,190000.0,25000,Petrol
5,EcoSport Ambiente 1.5L TDCi,Ford,2016.0,830000.0,24530,Diesel
6,Suzuki Alto K10 VXi AMT,Maruti,2015.0,250000.0,60000,Petrol
7,Fabia Classic 1.2 MPI,Skoda,2010.0,182000.0,60000,Petrol
8,Suzuki Stingray VXi,Maruti,2015.0,315000.0,30000,Petrol
9,Elite i20 Magna 1.2,Hyundai,2014.0,415000.0,32000,Petrol
10,Scorpio SLE BS IV,Mahindra,2015.0,320000.0,48660,Diesel
11,A8,Audi,2017.0,1000000.0,4000,Petrol
12,Q7,Audi,2014.0,500000.0,16934,Diesel
13,Scorpio S10,Mahindra,2016.0,350000.0,43000,Diesel
14,Suzuki Alto 800,Maruti,2014.0,160000.0,35550,Petrol
15,Scorpio S10,Mahindra,2016.0,310000.0,39522,Diesel
16,Suzuki Alto 800 Vxi,Maruti,2015.0,75000.0,39000,Petrol
17,i20 Sportz 1.2,Hyundai,2012.0,100000.0,55000,Petrol
18,Suzuki Alto 800 Lx,Maruti,2017.0,190000.0,72000,Petrol
19,Suzuki Vitara Brezza ZDi,Maruti,2016.0,290000.0,15975,Diesel
20,Suzuki Alto LX,Maruti,2008.0,95000.0,70000,Petrol
21,Bolero DI,Mahindra,2017.0,180000.0,23452,Diesel
22,Suzuki Swift Dzire ZDi,Maruti,2014.0,385000.0,35522,Diesel
23,Scorpio S10 4WD,Mahindra,2015.0,250000.0,48508,Diesel
24,Suzuki Swift Vdi BSIII,Maruti,2017.0,180000.0,15487,Petrol
25,Suzuki Wagon R VXi BS III,Maruti,2013.0,105000.0,39000,Petrol
26,Suzuki Wagon R VXi Minor,Maruti,2013.0,105000.0,39000,Petrol
27,Innova 2.0 G 8 STR BS IV,Toyota,2012.0,650000.0,82000,Diesel
28,Lodgy 85 PS RXL,Renault,2018.0,689999.0,20000,Diesel
29,Yeti Ambition 2.0 TDI CR 4x2,Skoda,2012.0,448000.0,68000,Diesel
30,Suzuki Baleno Delta 1.2,Maruti,2017.0,549000.0,32000,Diesel
31,Duster 110 PS RxZ Diesel Plus,Renault,2012.0,501000.0,38000,Diesel
32,Duster 85 PS RxE Diesel,Renault,2013.0,489999.0,27000,Diesel
33,City 1.5 S MT,Honda,2011.0,280000.0,33000,Petrol
34,Suzuki Dzire,Maruti,2013.0,349999.0,46000,Diesel
35,Amaze,Honda,2013.0,284999.0,46000,Diesel
36,Amaze 1.5 SX i DTEC,Honda,2015.0,345000.0,36000,Diesel
37,City,Honda,2015.0,499999.0,55000,Petrol
38,Redi GO S,Datsun,2017.0,235000.0,16000,Petrol
39,Suzuki SX4 ZXI MT,Maruti,2010.0,249999.0,36000,Petrol
40,Pajero Sport Limited Edition,Mitsubishi,2015.0,1475000.0,47000,Diesel
41,Scorpio S10,Mahindra,2015.0,395000.0,35000,Diesel
42,Suzuki Swift VXi 1.2 ABS BS IV,Maruti,2017.0,220000.0,30874,Petrol
43,City ZX CVT,Honda,2017.0,170000.0,15000,Diesel
44,Suzuki Wagon R LX BS IV,Maruti,2013.0,85000.0,29685,Petrol
45,Indigo eCS LS CR4 BS IV,Tata,2017.0,200000.0,130000,Diesel
46,Scorpio SLE BS IV,Mahindra,2012.0,570000.0,19000,Diesel
47,Polo Highline Exquisite P,Volkswagen,2014.0,315000.0,60000,Petrol
48,Spark LS 1.0,Chevrolet,2010.0,110000.0,41000,Petrol
49,Duster 110PS Diesel RxZ,Renault,2012.0,501000.0,35000,Diesel
50,City,Honda,2015.0,448999.0,54000,Petrol
51,Cooper S 1.6,Mini,2013.0,1891111.0,13000,Petrol
52,Fabia 1.2L Diesel Ambiente,Skoda,2011.0,159500.0,38200,Diesel
53,Amaze,Honda,2015.0,344999.0,22000,Petrol
54,Duster,Renault,2014.0,449999.0,50000,Diesel
55,Cooper S 1.6,Mini,2013.0,1891111.0,13500,Petrol
56,Scorpio S4,Mahindra,2015.0,865000.0,30000,Diesel
57,Scorpio VLX 2WD BS IV,Mahindra,2014.0,699000.0,50000,Diesel
58,Quanto C8,Mahindra,2013.0,375000.0,20000,Diesel
59,EcoSport,Ford,2017.0,489999.0,39000,Petrol
60,Brio,Honda,2012.0,224999.0,30000,Petrol
61,Vento Highline Plus 1.5 Diesel AT,Volkswagen,2019.0,1200000.0,3600,Diesel
62,i20 Magna,Hyundai,2009.0,195000.0,32000,Petrol
63,Corolla Altis Diesel D4DG,Toyota,2010.0,351000.0,38000,Diesel
64,Verna Transform SX VTVT,Hyundai,2008.0,160000.0,45000,Petrol
65,Corolla Altis Petrol Ltd,Toyota,2009.0,240000.0,35000,Petrol
66,City 1.5 EXi New,Honda,2005.0,90000.0,50000,Petrol
67,Fabia 1.2L Diesel Elegance,Skoda,2011.0,155000.0,45863,Diesel
68,3 Series 320i,BMW,2011.0,600000.0,60500,Petrol
69,Suzuki A Star Lxi,Maruti,2011.0,189500.0,12500,Petrol
70,Etios GD,Toyota,2013.0,350000.0,60000,Diesel
71,Figo Diesel EXI Option,Ford,2012.0,210000.0,35000,Diesel
72,Suzuki Swift Dzire VXi 1.2 BS IV,Maruti,2014.0,390000.0,35000,Petrol
73,Beat LT Diesel,Chevrolet,2012.0,135000.0,45000,Diesel
74,7 Series 740Li Sedan,BMW,2009.0,1600000.0,35000,Petrol
75,XUV500 W8 AWD 2013,Mahindra,2013.0,701000.0,38000,Diesel
76,i10 Magna 1.2,Hyundai,2014.0,265000.0,18000,Petrol
77,Verna Fluidic New,Hyundai,2015.0,525000.0,35000,Diesel
78,Suzuki Swift VXi 1.2 BS IV,Maruti,2013.0,372000.0,13349,Petrol
79,Suzuki Ertiga ZXI Plus,Maruti,2016.0,635000.0,29000,Petrol
80,EcoSport Titanium 1.5L TDCi,Ford,2014.0,550000.0,44000,Diesel
81,Suzuki Ertiga Vxi,Maruti,2016.0,575000.0,29000,Petrol
82,Suzuki Ertiga VDi,Maruti,2013.0,485000.0,42000,Diesel
83,Suzuki Alto LXi BS III,Maruti,2012.0,155000.0,14000,Petrol
84,Grand i10 Asta 1.1 CRDi,Hyundai,2014.0,345000.0,49000,Diesel
85,Amaze 1.2 S i VTEC,Honda,2014.0,325000.0,42000,Petrol
86,i20 Asta 1.4 CRDI 6 Speed,Hyundai,2012.0,329500.0,36200,Diesel
87,Figo Diesel EXI,Ford,2014.0,195000.0,50000,Diesel
88,Suzuki Eeco 5 STR WITH AC HTR,Maruti,2015.0,251111.0,55000,Petrol
89,Suzuki Ertiga ZXi,Maruti,2014.0,569999.0,45000,Petrol
90,Suzuki Esteem LXi BS III,Maruti,2007.0,69999.0,51000,Petrol
91,Suzuki Ritz VXI,Maruti,2014.0,299999.0,19000,Petrol
92,Suzuki Dzire,Maruti,2009.0,220000.0,46000,Petrol
93,Suzuki Ritz LDi,Maruti,2013.0,399999.0,33000,Diesel
94,Suzuki Dzire VDI,Maruti,2015.0,450000.0,104000,Diesel
95,Etios Liva G,Toyota,2014.0,270000.0,55000,Petrol
96,i20 Sportz 1.4 CRDI,Hyundai,2011.0,350000.0,33333,Diesel
97,Spark,Chevrolet,2012.0,158400.0,33600,Petrol
98,Suzuki Alto K10 VXi AMT,Maruti,2017.0,350000.0,5600,Petrol
99,Micra XV,Nissan,2011.0,179000.0,41000,Petrol
100,Suzuki Swift,Maruti,2007.0,125000.0,70000,Petrol
101,Suzuki Alto 800,Maruti,2018.0,200000.0,7500,Petrol
102,Amaze 1.5 S i DTEC,Honda,2013.0,299000.0,45000,Diesel
103,Suzuki Alto 800 Vxi,Maruti,2015.0,220000.0,38000,Petrol
104,Beat,Chevrolet,2015.0,150000.0,30000,Petrol
105,City 1.5 V MT,Honda,2010.0,285000.0,35000,Petrol
106,EcoSport Trend 1.5L TDCi,Ford,2016.0,830000.0,24330,Diesel
107,i20 Asta 1.2,Hyundai,2009.0,210000.0,65480,Petrol
108,Suzuki Swift Dzire VXi 1.2 BS IV,Maruti,2013.0,340000.0,41000,Petrol
109,Indica V2 eLS,Tata,2006.0,90000.0,20000,Petrol
110,Motors Ambassador,Hindustan,2000.0,70000.0,200000,Diesel
111,Corolla Altis 1.8 GL,Toyota,2010.0,289999.0,70000,Petrol
112,Corolla Altis 1.8 J,Toyota,2012.0,349999.0,59000,Petrol
113,Innova 2.5 GX BS IV 7 STR,Toyota,2012.0,849999.0,99000,Diesel
114,Jetta Highline TDI AT,Volkswagen,2014.0,749999.0,46000,Diesel
115,Polo Comfortline 1.2L P,Volkswagen,2015.0,399999.0,2800,Petrol
116,Polo,Volkswagen,2014.0,274999.0,32000,Petrol
117,Scorpio,Mahindra,2015.0,984999.0,22000,Diesel
118,Sunny,Nissan,2012.0,224999.0,45000,Petrol
119,Elite i20,Hyundai,2018.0,599999.0,21000,Petrol
120,Kwid,Renault,2016.0,244999.0,11000,Petrol
121,Duster,Renault,2013.0,399999.0,41000,Diesel
122,Duster,Renault,2014.0,474999.0,50000,Diesel
123,Scorpio VLX Airbag,Mahindra,2011.0,499999.0,66000,Diesel
124,Suzuki Alto 800 Lxi,Maruti,2018.0,310000.0,3000,Petrol
125,Spark LT 1.0,Chevrolet,2010.0,85000.0,45000,Petrol
126,Redi GO T O,Datsun,2016.0,245000.0,7000,Petrol
127,Suzuki Swift RS VDI,Maruti,2010.0,189500.0,38500,Diesel
128,Punto Emotion 1.2,Fiat,2012.0,169500.0,37200,Diesel
129,Suzuki Swift RS VDI,Maruti,2010.0,159500.0,43200,Diesel
130,Etios GD,Toyota,2013.0,275000.0,24800,Petrol
131,i20 Sportz 1.4 CRDI,Hyundai,2014.0,370000.0,60000,Diesel
132,i10 Sportz 1.2,Hyundai,2010.0,168000.0,45872,Petrol
133,Beat LT Opt Diesel,Chevrolet,2011.0,150000.0,40000,Diesel
134,Beat LS Diesel,Chevrolet,2011.0,145000.0,45000,Diesel
135,Beat LT Diesel,Chevrolet,2012.0,98500.0,38000,Diesel
136,Indigo CS,Tata,2011.0,85000.0,11400,Diesel
137,Corolla Altis 1.8 J,Toyota,2015.0,575000.0,42000,Petrol
138,City 1.5 V MT,Honda,2014.0,549000.0,39000,Petrol
139,Suzuki Swift VDi,Maruti,2011.0,209000.0,47000,Diesel
140,Eon Era Plus,Hyundai,2013.0,185000.0,27000,Petrol
141,Scorpio S10,Mahindra,2015.0,900000.0,97200,Diesel
142,XUV500,Mahindra,2014.0,699999.0,52000,Diesel
143,Fiesta,Ford,2011.0,274999.0,55000,Diesel
144,City,Honda,2015.0,599999.0,30000,Diesel
145,Suzuki Wagon R,Maruti,2012.0,199999.0,44000,Petrol
146,City,Honda,2014.0,544999.0,45000,Diesel
147,i20,Hyundai,2009.0,199000.0,31000,Petrol
148,Indigo eCS LX TDI BS III,Tata,2016.0,320000.0,175430,Diesel
149,Fluidic Verna 1.6 CRDi SX,Hyundai,2015.0,540000.0,38000,Diesel
150,Quanto C8,Mahindra,2013.0,340000.0,37000,Diesel
151,Petra ELX 1.2 PS,Fiat,2008.0,75000.0,65000,Petrol
152,Santro Xing XS,Hyundai,2005.0,49000.0,7500,Petrol
153,Suzuki Ciaz VXi Plus,Maruti,2016.0,700000.0,3350,Petrol
154,Suzuki Zen VX,Maruti,2000.0,55000.0,60000,Petrol
155,Creta 1.6 SX Plus Petrol,Hyundai,2017.0,895000.0,32000,Petrol
156,Scorpio SLX,Mahindra,2007.0,355000.0,75000,Diesel
157,Scorpio SLE BS IV,Mahindra,2012.0,565000.0,62000,Diesel
158,Innova 2.5 G BS III 8 STR,Toyota,2006.0,365000.0,73000,Diesel
159,Suzuki Alto K10 VXi AMT,Maruti,2011.0,145000.0,41000,Petrol
160,Suzuki Wagon R LXI BS IV,Maruti,2011.0,210000.0,35000,Petrol
161,Nano Cx BSIV,Tata,2013.0,40000.0,2200,Petrol
162,Suzuki Alto Std BS IV,Maruti,2013.0,125000.0,39000,Petrol
163,Suzuki Wagon R LXi BS III,Maruti,2009.0,135000.0,45000,Petrol
164,Suzuki Swift VXI BSIII,Maruti,2006.0,135000.0,45000,Petrol
165,Sumo Victa EX 10 by 7 Str BSIII,Tata,2012.0,285000.0,65000,Diesel
166,Suzuki Wagon R LXi BS III,Maruti,2010.0,145000.0,54870,Petrol
167,Suzuki Alto LXi BS III,Maruti,2010.0,135000.0,34580,Petrol
168,Passat Diesel Comfortline AT,Volkswagen,2009.0,450000.0,97000,Diesel
169,Scala RxL Diesel Travelogue,Renault,2015.0,375000.0,25000,Diesel
170,Grand i10 Sportz O 1.2 Kappa VTVT,Hyundai,2014.0,365000.0,20000,Petrol
171,i20 Active 1.2 SX,Hyundai,2015.0,500000.0,18000,Petrol
172,Xylo E4,Mahindra,2012.0,400000.0,35000,Diesel
173,Bolero SLE BS IV,Mahindra,2013.0,330000.0,80200,Diesel
174,Motors  One LX ABS 7 STR,Force,2015.0,580000.0,3200,Diesel
175,Suzuki SX4,Maruti,2012.0,265000.0,46000,Diesel
176,Suzuki Alto 800,Maruti,2015.0,219000.0,5000,Petrol
177,Jeep CL550 MDI,Mahindra,2018.0,385000.0,588,Diesel
178,Etios,Toyota,2011.0,275000.0,36000,Diesel
179,Polo,Volkswagen,2015.0,330000.0,38000,Diesel
180,City ZX VTEC,Honda,2008.0,110000.0,45000,Petrol
181,Suzuki Wagon R LX BS III,Maruti,2006.0,80000.0,71200,Petrol
182,City VX O MT Diesel,Honda,2016.0,519000.0,52000,Diesel
183,Thar CRDe 4x4 AC,Mahindra,2016.0,730000.0,29000,Diesel
184,A4 1.8 TFSI Multitronic Premium Plus,Audi,2009.0,699000.0,47000,Petrol
185,Benz GLA Class 200 CDI Sport,Mercedes,2015.0,2000000.0,20000,Diesel
186,Rover Freelander 2 SE,Land,2015.0,2100000.0,30000,Diesel
187,Kwid RXT,Renault,2017.0,340000.0,5000,Petrol
188,Aria Pleasure 4X2,Tata,2014.0,390000.0,35000,Diesel
189,Benz B Class B180 Sports,Mercedes,2014.0,1400000.0,31000,Petrol
190,GO T O,Datsun,2016.0,245000.0,7000,Petrol
191,Indigo eCS LX TDI BS III,Tata,2016.0,320000.0,175400,Diesel
192,Jazz VX MT,Honda,2016.0,450000.0,41000,Petrol
193,Amaze 1.2 S i VTEC,Honda,2014.0,311000.0,33000,Petrol
194,City,Honda,2012.0,399999.0,45000,Petrol
195,City,Honda,2015.0,599999.0,39000,Diesel
196,Scorpio S4,Mahindra,2015.0,855000.0,30000,Diesel
197,i20 Active 1.4L SX O,Hyundai,2015.0,535000.0,37000,Diesel
198,Cooper S,Mini,2013.0,1891111.0,13000,Petrol
199,Suzuki Ciaz ZXI Plus,Maruti,2017.0,699000.0,14000,Petrol
200,Tavera Neo,Chevrolet,2013.0,375000.0,55000,Diesel
201,Eon Sportz,Hyundai,2012.0,178000.0,30000,Petrol
202,Sumo Gold Select Variant,Tata,2013.0,300000.0,50000,Diesel
203,Suzuki Wagon R 1.0,Maruti,2003.0,90000.0,45000,Petrol
204,Suzuki Esteem VXi BS III,Maruti,2006.0,95000.0,45000,Petrol
205,Suzuki Eeco 5 STR WITH AC HTR,Maruti,2015.0,255000.0,9300,Petrol
206,Enjoy 1.4 LS 8 STR,Chevrolet,2013.0,245000.0,55000,Diesel
207,Suzuki Wagon R 1.0 VXi,Maruti,2015.0,289999.0,22000,Petrol
208,Terrano XL D Plus,Nissan,2015.0,499999.0,60000,Diesel
209,Duster 85 PS RxE Diesel,Renault,2014.0,489999.0,59000,Diesel
210,Duster 85 PS RxL Diesel,Renault,2015.0,549999.0,19000,Diesel
211,Suzuki Dzire ZXI,Maruti,2013.0,380000.0,30000,Petrol
212,Kwid RXT Opt,Renault,2018.0,325000.0,15000,Petrol
213,Suzuki  800 Std,Maruti,2003.0,57000.0,56758,Petrol
214,Kwid 1.0 RXT AMT,Renault,2018.0,349999.0,10000,Petrol
215,Scala RxL Diesel,Renault,2014.0,349999.0,49000,Diesel
216,Grand i10 Asta 1.2 Kappa VTVT O,Hyundai,2014.0,410000.0,41000,Petrol
217,Suzuki Swift Dzire VXi 1.2 BS IV,Maruti,2011.0,225000.0,45000,Petrol
218,Beat LS Petrol,Chevrolet,2010.0,120000.0,43000,Petrol
219,Santro Xing XO eRLX Euro III,Hyundai,2000.0,59000.0,56450,Petrol
220,Beat LS Petrol,Chevrolet,2010.0,80000.0,56000,Petrol
221,Beat LS Petrol,Chevrolet,2015.0,220000.0,32700,Petrol
222,EcoSport Titanium 1.5L TDCi,Ford,2016.0,599000.0,30000,Diesel
223,Accent GLX,Hyundai,2006.0,80000.0,56000,Petrol
224,TUV300 T4 Plus,Mahindra,2016.0,675000.0,9000,Diesel
225,Indica V2 Xeta e GLE,Tata,2008.0,150000.0,11000,Petrol
226,Indigo CS LS DiCOR,Tata,2009.0,72500.0,46000,Diesel
227,Scorpio VLX Special Edition BS III,Mahindra,2004.0,230000.0,160000,Diesel
228,Accord,Honda,2009.0,175000.0,58559,Petrol
229,EcoSport Titanium 1.5 TDCi,Ford,2014.0,520000.0,57000,Diesel
230,Suzuki Ertiga,Maruti,2015.0,524999.0,50000,Diesel
231,Amaze,Honda,2014.0,299999.0,37000,Petrol
232,Suzuki Dzire,Maruti,2012.0,299999.0,40000,Petrol
233,City,Honda,2011.0,284999.0,55000,Petrol
234,Scorpio 2.6 CRDe,Mahindra,2007.0,220000.0,170000,Diesel
235,Suzuki Dzire,Maruti,2014.0,424999.0,55000,Diesel
236,City,Honda,2015.0,644999.0,39000,Petrol
237,Mobilio,Honda,2014.0,399999.0,44000,Petrol
238,Corolla Altis,Toyota,2009.0,199999.0,65000,Petrol
239,City,Honda,2014.0,584999.0,39000,Petrol
240,Laura,Skoda,2012.0,349999.0,44000,Diesel
241,Duster,Renault,2015.0,449999.0,49000,Diesel
242,Suzuki Ertiga,Maruti,2018.0,799999.0,9000,Diesel
243,Suzuki Dzire,Maruti,2015.0,444999.0,45000,Diesel
244,XUV500,Mahindra,2014.0,649999.0,47000,Diesel
245,Verna Fluidic,Hyundai,2012.0,444999.0,40000,Diesel
246,Suzuki Vitara Brezza,Maruti,2016.0,689999.0,29000,Diesel
247,Suzuki Wagon R,Maruti,2016.0,344999.0,15000,Petrol
248,Scorpio,Mahindra,2015.0,944999.0,45000,Diesel
249,Amaze,Honda,2014.0,274999.0,35000,Petrol
250,XUV500,Mahindra,2013.0,689999.0,80000,Diesel
251,Scorpio,Mahindra,2013.0,574999.0,68000,Diesel
252,Laura,Skoda,2013.0,374999.0,50000,Diesel
253,Polo,Volkswagen,2010.0,199999.0,60000,Diesel
254,Elite i20,Hyundai,2016.0,549999.0,9000,Petrol
255,Manza Aura Quadrajet,Tata,2012.0,130000.0,72000,Diesel
256,Sail UVA Petrol LT ABS,Chevrolet,2013.0,210000.0,60000,Petrol
257,Verna Fluidic 1.6 VTVT SX,Hyundai,2013.0,401000.0,45000,Diesel
258,A4 2.0 TDI 177bhp Premium,Audi,2012.0,1350000.0,40000,Diesel
259,Elantra SX,Hyundai,2013.0,600000.0,20000,Petrol
260,Scorpio VLX 4WD Airbag,Mahindra,2013.0,610000.0,35000,Diesel
261,KUV100 K8 D 6 STR,Mahindra,2016.0,400000.0,20000,Diesel
262,Grand i10,Hyundai,2017.0,524999.0,6821,Petrol
263,i20,Hyundai,2014.0,449999.0,23000,Petrol
264,Eon,Hyundai,2014.0,174999.0,14000,Petrol
265,i10,Hyundai,2012.0,244999.0,38000,Petrol
266,i20 Active,Hyundai,2015.0,574999.0,35000,Diesel
267,Redi GO,Datsun,2017.0,244999.0,22000,Petrol
268,Etios Liva,Toyota,2011.0,239999.0,41000,Petrol
269,Accent,Hyundai,2010.0,99999.0,45000,Petrol
270,Verna,Hyundai,2014.0,489999.0,44000,Diesel
271,Suzuki Swift,Maruti,2013.0,324999.0,45000,Diesel
272,Fortuner,Toyota,2011.0,1074999.0,52000,Diesel
273,i10 Sportz,Hyundai,2012.0,230000.0,34000,Petrol
274,Bolero Power Plus SLE,Mahindra,2018.0,699000.0,1800,Diesel
275,XUV500,Mahindra,2015.0,1000000.0,15000,Diesel
276,City 1.5 V MT Exclusive,Honda,2010.0,240000.0,400000,Petrol
277,Spark LT 1.0 Airbag,Chevrolet,2009.0,110000.0,44000,Petrol
278,XUV500,Mahindra,2016.0,1130000.0,72000,Diesel
279,Indigo eCS VX CR4 BS IV,Tata,2014.0,250000.0,40000,Diesel
280,Rapid Elegance 1.6 TDI CR MT,Skoda,2013.0,340000.0,48000,Diesel
281,Vista Quadrajet VX,Tata,2011.0,120000.0,90000,Diesel
282,Suzuki Alto K10 VXi AT,Maruti,2015.0,265000.0,12000,Petrol
283,Suzuki Zen LXi BS III,Maruti,2003.0,85000.0,69900,Petrol
284,i10 Magna 1.2,Hyundai,2011.0,175000.0,45000,Petrol
285,Suzuki Swift Dzire Tour LDi,Maruti,2016.0,350000.0,166000,Diesel
286,City ZX EXi,Honda,2008.0,149000.0,42000,Petrol
287,Beat Diesel,Chevrolet,2017.0,150000.0,62000,Diesel
288,City 1.5 S MT,Honda,2010.0,225000.0,70000,Petrol
289,Verna 1.4 VTVT,Hyundai,2014.0,375000.0,36000,Petrol
290,Suzuki  800 Std – Befo,Maruti,1995.0,30000.0,55000,Petrol
291,Suzuki Swift,Maruti,2014.0,335000.0,55000,Diesel
292,Elite i20 Asta 1.4 CRDI,Hyundai,2015.0,450000.0,20000,Diesel
293,Suzuki Swift Dzire VXi 1.2 BS IV,Maruti,2012.0,225000.0,40000,Petrol
294,Suzuki Versa DX2 8 SEATER BSIII,Maruti,2004.0,80000.0,50000,Petrol
295,Indigo LX TDI BS III,Tata,2016.0,130000.0,104000,Diesel
296,Vento Konekt Diesel Highline,Volkswagen,2011.0,245000.0,65000,Diesel
297,Benz C Class 200 CDI Classic,Mercedes,2002.0,399000.0,41000,Petrol
298,Suzuki Ertiga VDi,Maruti,2013.0,450000.0,90000,Diesel
299,City,Honda,2000.0,65000.0,80000,Petrol
300,Santro Xing GLS,Hyundai,2006.0,75000.0,46000,Petrol
301,Suzuki Omni Limited Edition,Maruti,2001.0,70000.0,70000,Petrol
302,Sonata Transform 2.4 GDi MT,Hyundai,2017.0,190000.0,36469,Diesel
303,Elite i20 Sportz 1.2,Hyundai,2018.0,600000.0,7800,Petrol
304,Suzuki Alto 800 Lxi,Maruti,2017.0,240000.0,60000,Petrol
305,Suzuki Alto LXi BS III,Maruti,2011.0,155000.0,32000,Petrol
306,Jazz S MT,Honda,2009.0,169999.0,24695,Petrol
307,Grand i10 Sportz 1.2 Kappa VTVT,Hyundai,2017.0,450000.0,15141,Petrol
308,Suzuki Zen LXi BSII,Maruti,2001.0,40000.0,40000,Petrol
309,Scorpio W Turbo 2.6DX 9 Seater,Mahindra,2012.0,165000.0,65000,Diesel
310,Suzuki Alto K10 VXi,Maruti,2014.0,270000.0,22000,Petrol
311,Grand i10 Asta 1.2 Kappa VTVT,Hyundai,2016.0,280000.0,59910,Diesel
312,XUV500 W8,Mahindra,2012.0,560000.0,100000,Diesel
313,Creta 1.6 SX Plus Petrol,Hyundai,2016.0,950000.0,25000,Petrol
314,i20 Magna O 1.2,Hyundai,2013.0,310000.0,35000,Petrol
315,Duster 85 PS RxL Explore LE,Renault,2015.0,715000.0,65000,Diesel
316,Grand i10 Sportz 1.2 Kappa VTVT,Hyundai,2014.0,340000.0,35000,Petrol
317,Brio V MT,Honda,2012.0,235000.0,33000,Petrol
318,TUV300 T4 Plus,Mahindra,2017.0,610000.0,68000,Diesel
319,Spark LS 1.0,Chevrolet,2010.0,95000.0,23000,Petrol
320,TUV300 T8,Mahindra,2018.0,1000000.0,4500,Diesel
321,Suzuki Swift Dzire Tour LDi,Maruti,2015.0,220000.0,129000,Diesel
322,Suzuki Alto 800 Vxi,Maruti,2015.0,230000.0,5000,Petrol
323,Ikon 1.3 CLXi NXt Finesse,Ford,2001.0,45000.0,65000,Petrol
324,Fortuner 3.0 4x4 MT,Toyota,2010.0,940000.0,131000,Diesel
325,Manza ELAN Quadrajet,Tata,2010.0,155555.0,111111,Petrol
326,Benz A Class A 180 Sport Petrol,Mercedes,2013.0,1500000.0,14000,Petrol
327,Beat LS Diesel,Chevrolet,2016.0,210000.0,22000,Diesel
328,EcoSport Trend 1.5L TDCi,Ford,2013.0,495000.0,38000,Diesel
329,Indigo LS,Tata,2016.0,125000.0,70000,Diesel
330,i20 Magna 1.2,Hyundai,2010.0,195000.0,36000,Petrol
331,Vento Highline Plus 1.5 Diesel AT,Volkswagen,2015.0,550000.0,34000,Diesel
332,Kwid RXT,Renault,2015.0,270000.0,43000,Petrol
333,EcoSport Titanium 1.5L TDCi,Ford,2014.0,500000.0,40000,Diesel
334,Amaze 1.5 E i DTEC,Honda,2016.0,240000.0,160000,Diesel
335,Verna 1.6 EX VTVT,Hyundai,2017.0,800000.0,12000,Petrol
336,5 Series 520d Sedan,BMW,2011.0,1299000.0,49000,Diesel
337,Superb 1.8 TFSI AT,Skoda,2011.0,530000.0,68000,Petrol
338,Q3 2.0 TDI quattro Premium,Audi,2013.0,1499000.0,37000,Diesel
339,Bolero DI BSII,Mahindra,2012.0,220000.0,59466,Diesel
340,Figo Duratorq Diesel Titanium 1.4,Ford,2012.0,250000.0,99000,Diesel
341,Suzuki Wagon R VXI BS IV,Maruti,2018.0,395000.0,25500,Petrol
342,Logan Diesel 1.5 DLS,Mahindra,2009.0,130000.0,66000,Petrol
343,Nano GenX XMA,Tata,2010.0,32000.0,44005,Petrol
344,TUV300 T4 Plus,Mahindra,2016.0,540000.0,35000,Diesel
345,Elite i20 Magna 1.2,Hyundai,2015.0,405000.0,28000,Petrol
346,Elite i20 Magna 1.2,Hyundai,2015.0,400000.0,30000,Petrol
347,City SV,Honda,2017.0,760000.0,4000,Petrol
348,Suzuki Baleno Delta 1.2,Maruti,2016.0,500000.0,28000,Petrol
349,Figo Petrol LXI,Ford,2011.0,175000.0,75000,Petrol
350,City,Honda,2017.0,750000.0,3000,Petrol
351,Elite i20 Magna 1.2,Hyundai,2015.0,419000.0,20000,Petrol
352,Suzuki Versa DX2 8 SEATER BSIII,Maruti,2004.0,90000.0,50000,Petrol
353,Eon Era Plus,Hyundai,2018.0,140000.0,2110,Petrol
354,Pajero Sport Limited Edition,Mitsubishi,2015.0,1540000.0,43222,Petrol
355,i10 Magna 1.2 Kappa2,Hyundai,2008.0,275000.0,100200,Petrol
356,Corolla H2,Toyota,2003.0,150000.0,100000,Petrol
357,Indigo CS eLS BS IV,Tata,2015.0,123000.0,100000,Diesel
358,Xcent Base 1.1 CRDi,Hyundai,2016.0,300000.0,140000,Diesel
359,Accent Executive Edition,Hyundai,2009.0,165000.0,48000,Petrol
360,Suzuki Baleno Delta 1.2,Maruti,2016.0,498000.0,22000,Petrol
361,Zest XE 75 PS Diesel,Tata,2018.0,480000.0,103553,Diesel
362,Suzuki Dzire LDI,Maruti,2017.0,488000.0,80000,Diesel
363,Sumo Gold LX BS IV,Tata,2014.0,250000.0,99000,Diesel
364,Corolla Altis GL Petrol,Toyota,2010.0,220000.0,58000,Petrol
365,Suzuki Eeco 7 STR,Maruti,2013.0,290000.0,70000,LPG
366,Fortuner 3.0 4x2 MT,Toyota,2015.0,1525000.0,120000,Diesel
367,XUV500 W6,Mahindra,2013.0,548900.0,49800,Diesel
368,Suzuki 800,Maruti,2001.0,55000.0,81876,Petrol
369,Suzuki Ertiga Vxi,Maruti,2015.0,550000.0,75000,Petrol
370,Mobilio S i DTEC,Honda,2014.0,399000.0,44000,Diesel
371,Suzuki Ertiga,Maruti,2016.0,730000.0,55000,Diesel
372,Suzuki Vitara Brezza,Maruti,2017.0,725000.0,36000,Diesel
373,Verna 1.6 CRDI E,Hyundai,2016.0,195000.0,56000,Diesel
374,Suzuki Swift VXI BSIII,Maruti,2007.0,130000.0,62000,Petrol
375,Suzuki Omni Select Variant,Maruti,2014.0,190000.0,6020,Petrol
376,Amaze,Honda,2013.0,250000.0,55700,Diesel
377,Indica,Tata,2005.0,80000.0,42000,Petrol
378,Santro Xing,Hyundai,2003.0,120000.0,50000,Petrol
379,Suzuki Zen Estilo,Maruti,2010.0,149000.0,35000,Petrol
380,Suzuki Wagon R LXI BS IV,Maruti,2014.0,250000.0,18500,Petrol
381,Suzuki Wagon R,Maruti,2007.0,120000.0,7000,Petrol
382,Brio VX AT,Honda,2017.0,450000.0,11000,Petrol
383,Suzuki Zen LXi BSII,Maruti,2003.0,99999.0,53000,Petrol
384,Suzuki Zen Estilo LXI Green CNG,Maruti,2008.0,135000.0,23000,Petrol
385,Suzuki Wagon R Select Variant,Maruti,2016.0,225000.0,35500,Diesel
386,Suzuki Alto LXi BS III,Maruti,2010.0,99000.0,22134,Petrol
387,Kwid RXT,Renault,2019.0,370000.0,1000,Petrol
388,Nano Lx BSIV,Tata,2010.0,52000.0,9000,Petrol
389,XE XE Portfolio,Jaguar,2016.0,2800000.0,8500,Petrol
390,Eon Magna Plus,Hyundai,2014.0,190000.0,35000,Petrol
391,City 1.5 S MT,Honda,2014.0,499000.0,22000,Petrol
392,Motors Ambassador,Hindustan,2002.0,90000.0,25000,Diesel
393,Suzuki Ritz GENUS VXI,Maruti,2010.0,149000.0,40000,Petrol
394,Grand i10 Magna AT 1.2 Kappa VTVT,Hyundai,2017.0,400000.0,20000,Petrol
395,Eon D Lite Plus,Hyundai,2016.0,120000.0,87000,Petrol
396,Suzuki Swift Dzire VXi 1.2 BS IV,Maruti,2015.0,250000.0,55000,Petrol
397,Suzuki Wagon R VXI BS IV,Maruti,2017.0,375000.0,23000,Petrol
398,Amaze 1.2 VX i VTEC,Honda,2014.0,381000.0,6000,Petrol
399,Suzuki Estilo VXi ABS BS IV,Maruti,2013.0,180000.0,65000,Petrol
400,Suzuki Vitara Brezza LDi O,Maruti,2016.0,580000.0,25000,Diesel
401,Suzuki Eeco 5 STR WITH AC HTR,Maruti,2015.0,278000.0,39000,Petrol
402,Creta 1.6 SX Plus Petrol AT,Hyundai,2016.0,1000000.0,8000,Petrol
403,Scorpio Vlx BSIV,Mahindra,2013.0,690000.0,75000,Diesel
404,Suzuki Ertiga VDi,Maruti,2012.0,480000.0,51000,Diesel
405,Lancer 1.8 LXi,Mitsubishi,2006.0,85000.0,50000,Petrol
406,Suzuki  800 AC,Maruti,2001.0,40000.0,75000,Petrol
407,Suzuki Alto 800 LXI CNG O,Maruti,2015.0,90000.0,55800,Petrol
408,Grand i10 Magna 1.2 Kappa VTVT,Hyundai,2015.0,340000.0,53000,Petrol
409,Eon D Lite Plus,Hyundai,2018.0,260000.0,25000,Petrol
410,Fiesta SXi 1.6 ABS,Ford,2009.0,250000.0,56400,Petrol
411,Suzuki Ritz VDi,Maruti,2010.0,180000.0,72160,Diesel
412,Verna Fluidic New,Hyundai,2012.0,350000.0,10000,Diesel
413,Suzuki Wagon R LXi BS III,Maruti,2006.0,90001.0,48000,Petrol
414,Suzuki Estilo LX BS IV,Maruti,2007.0,115000.0,36000,Petrol
415,A6 2.0 TDI Premium,Audi,2012.0,1599000.0,11500,Diesel
416,Suzuki Wagon R LXi BS III,Maruti,2003.0,130000.0,133000,Petrol
417,Suzuki Wagon R,Maruti,2009.0,159000.0,27000,Petrol
418,Suzuki Wagon R,Maruti,2009.0,160000.0,35000,Petrol
419,Suzuki Alto,Maruti,2010.0,110000.0,55000,Petrol
420,Suzuki Baleno Sigma 1.2,Maruti,2016.0,425000.0,40000,Petrol
421,Verna 1.6 SX VTVT AT,Hyundai,2019.0,900000.0,2000,Petrol
422,Suzuki Swift GLAM,Maruti,2009.0,150000.0,45000,Petrol
423,Getz Prime 1.3 GVS,Hyundai,2009.0,110000.0,20000,Petrol
424,Santro,Hyundai,2000.0,51999.0,88000,Petrol
425,Getz Prime 1.3 GLX,Hyundai,2009.0,115000.0,20000,Petrol
426,Beat PS Diesel,Chevrolet,2012.0,215000.0,65422,Diesel
427,EcoSport Trend 1.5 Ti VCT,Ford,2017.0,580000.0,10000,Petrol
428,Suzuki Dzire ZXI,Maruti,2013.0,380000.0,35000,Petrol
429,Fluidic Verna 1.6 CRDi SX,Hyundai,2013.0,350000.0,117000,Diesel
430,Indica V2 DLG,Tata,2005.0,35000.0,150000,Diesel
431,X1 xDrive20d xLine,BMW,2011.0,1150000.0,72000,Diesel
432,i20 Asta 1.2,Hyundai,2010.0,300000.0,10750,Petrol
433,City 1.5 V AT,Honda,2009.0,269000.0,55000,Petrol
434,Nano,Tata,2013.0,60000.0,6800,Petrol
435,Cruze LTZ AT,Chevrolet,2014.0,400000.0,41000,Diesel
436,Verna Fluidic New,Hyundai,2015.0,430000.0,73000,Diesel
437,Suzuki Swift Dzire VDi,Maruti,2011.0,140000.0,65000,Diesel
438,XUV500 W10,Mahindra,2018.0,1299000.0,40000,Diesel
439,Suzuki Alto K10 LXi CNG,Maruti,2014.0,199000.0,37000,Petrol
440,Accent GLE,Hyundai,2006.0,90000.0,55000,Petrol
441,Motors One SUV,Force,2013.0,550000.0,140000,Diesel
442,Suzuki Alto,Maruti,2019.0,265000.0,9800,Petrol
443,Spark 1.0 LT,Chevrolet,2011.0,100000.0,27000,Petrol
444,i10,Hyundai,2009.0,215000.0,27000,Petrol
445,Etios Liva GD,Toyota,2012.0,380000.0,20000,Diesel
446,Duster 85PS Diesel RxL Optional with Nav,Renault,2013.0,401919.0,57923,Diesel
447,Enjoy,Chevrolet,2014.0,490000.0,30201,Diesel
448,Suzuki Alto 800 Lxi,Maruti,2017.0,280000.0,6200,Petrol
449,5 Series 530i,BMW,2009.0,650000.0,37518,Petrol
450,Etios Liva G,Toyota,2014.0,160000.0,24652,Petrol
451,Beat LS Diesel,Chevrolet,2016.0,225000.0,95000,Diesel
452,Cruze LTZ,Chevrolet,2011.0,350000.0,35000,Diesel
453,Wrangler Unlimited 4x4 Diesel,Jeep,2015.0,950000.0,3528,Diesel
454,Suzuki Ertiga VDi,Maruti,2013.0,485000.0,52500,Diesel
455,Verna VGT CRDi SX ABS,Hyundai,2010.0,205000.0,47900,Diesel
456,Suzuki Omni,Maruti,2012.0,160000.0,14000,Petrol
457,Suzuki Celerio VDi,Maruti,2018.0,310000.0,37000,Petrol
458,Zest Quadrajet 1.3,Tata,2017.0,180000.0,90000,Diesel
459,XUV500 W6,Mahindra,2013.0,549900.0,52800,Diesel
460,Indigo CS eLX BS IV,Tata,2016.0,150000.0,104000,Diesel
461,i10 Era,Hyundai,2011.0,175000.0,30000,Petrol
462,Indigo eCS LX TDI BS III,Tata,2014.0,95000.0,195000,Diesel
463,Indigo LX TDI BS III,Tata,2016.0,230000.0,104000,Diesel
464,Indigo eCS LX CR4 BS IV,Tata,2016.0,230000.0,104000,Diesel
465,Indigo Marina LS,Tata,2004.0,180000.0,70000,Diesel
466,Xcent SX 1.2,Hyundai,2015.0,400000.0,43000,Diesel
467,Eon Magna Plus,Hyundai,2013.0,185000.0,23000,Petrol
468,Duster 85 PS RxL Diesel,Renault,2015.0,385000.0,51000,Diesel
469,Suzuki Alto K10 LXi CNG,Maruti,2009.0,90000.0,62000,Petrol
470,Nano LX Special Edition,Tata,2010.0,32000.0,48008,Petrol
471,Duster 110 PS RxZ Diesel,Renault,2013.0,435000.0,39000,Diesel
472,Suzuki Wagon R AX BSIV,Maruti,2010.0,225000.0,40000,Petrol
473,Suzuki Swift,Maruti,2006.0,189700.0,48247,Petrol
474,Suzuki Ertiga,Maruti,2012.0,389700.0,39000,Diesel
475,Suzuki Swift VXi 1.2 ABS BS IV,Maruti,2014.0,365000.0,23000,Petrol
476,Suzuki Alto K10 New,Maruti,2017.0,360000.0,9400,Petrol
477,i20 Magna,Hyundai,2010.0,210000.0,50000,Petrol
478,i10 Magna 1.2,Hyundai,2009.0,170000.0,75000,Petrol
479,Zest XE 75 PS Diesel,Tata,2017.0,380000.0,70000,Diesel
480,Xylo E8,Mahindra,2009.0,295000.0,64000,Diesel
481,Corolla Altis GL Petrol,Toyota,2010.0,185000.0,55000,Petrol
482,Manza Aqua Quadrajet,Tata,2014.0,160000.0,200000,Diesel
483,Kwid 1.0,Renault,2018.0,290000.0,2137,Petrol
484,Venture EX 8 STR,Tata,2013.0,100000.0,30000,Diesel
485,Suzuki Swift Dzire Tour LXi,Maruti,2014.0,315000.0,44000,Petrol
486,Octavia Classic 1.9 TDI MT,Skoda,2006.0,114990.0,65000,Diesel
487,Suzuki Omni LPG BS IV,Maruti,2012.0,120000.0,160000,LPG
488,Beat Diesel,Chevrolet,2011.0,125000.0,56000,Diesel
489,Sumo Gold EX BS IV,Tata,2012.0,210000.0,75000,Diesel
490,Verna 1.6 CRDI SX,Hyundai,2018.0,855000.0,42000,Diesel
491,Scorpio 2.6 CRDe,Mahindra,2007.0,260000.0,56000,Diesel
492,Suzuki Zen LXi BS III,Maruti,2002.0,95000.0,10544,Petrol
493,Suzuki Swift Dzire VXi 1.2 BS IV,Maruti,2011.0,255000.0,64000,Petrol
494,Scorpio SLX 2.6 Turbo 8 Str,Mahindra,2008.0,300000.0,70000,Diesel
495,Grand i10 Sportz 1.2 Kappa VTVT,Hyundai,2014.0,340000.0,25000,Petrol
496,Elite i20 Sportz 1.2,Hyundai,2017.0,550000.0,15000,Petrol
497,Ikon 1.6 Nxt,Ford,2003.0,60000.0,50000,Petrol
498,Innova 2.5 V 7 STR,Toyota,2011.0,750000.0,147000,Diesel
499,Sunny XL,Nissan,2011.0,230000.0,52000,Petrol
500,Beat LT Diesel,Chevrolet,2012.0,130000.0,90001,Diesel
501,Suzuki Alto 800 Lxi,Maruti,2017.0,270000.0,21000,Petrol
502,Suzuki Swift VDi BS IV,Maruti,2012.0,280000.0,48006,Diesel
503,Suzuki Swift,Maruti,2012.0,280000.0,48006,Diesel
504,Innova 2.0 G4,Toyota,2012.0,600000.0,80000,Diesel
505,Suzuki Swift VDi ABS,Maruti,2010.0,190000.0,74000,Diesel
506,Elite i20 Asta 1.2,Hyundai,2015.0,500000.0,22000,Petrol
507,XUV500 W10,Mahindra,2016.0,1065000.0,41000,Diesel
508,Polo Trendline 1.5L D,Volkswagen,2015.0,350000.0,25000,Diesel
509,Etios Liva Diesel,Toyota,2012.0,350000.0,85000,Diesel
510,TUV300 T4 Plus,Mahindra,2016.0,540000.0,29500,Diesel
511,Elite i20 Asta 1.2,Hyundai,2015.0,470000.0,30000,Petrol
512,Santro Xing GLS,Hyundai,2014.0,179000.0,57000,Petrol
513,Suzuki Zen LXi BS III,Maruti,2003.0,48000.0,60000,Petrol
514,Suzuki Ciaz ZXi Plus RS,Maruti,2016.0,650000.0,50000,Petrol
515,Eon Era Plus,Hyundai,2013.0,190000.0,39700,Petrol
516,Elantra 1.8 S,Hyundai,2012.0,500000.0,65000,Petrol
517,Suzuki Swift VDi,Maruti,2010.0,270000.0,67000,Diesel
518,Suzuki Zen Estilo LXI Green CNG,Maruti,2008.0,125000.0,46000,Petrol
519,Eon Era Plus,Hyundai,2012.0,188000.0,38000,Petrol
520,Grand i10 Magna 1.2 Kappa VTVT,Hyundai,2016.0,380000.0,27000,Petrol
521,Verna Fluidic New,Hyundai,2011.0,365000.0,43000,Diesel
522,EcoSport Trend 1.5L Ti VCT,Ford,2014.0,465000.0,47000,Petrol
523,i20 Magna,Hyundai,2011.0,240000.0,42000,Petrol
524,Beat Diesel,Chevrolet,2016.0,179999.0,19336,Diesel
525,Indica eV2 LS,Tata,2015.0,140000.0,60105,Diesel
526,XF 2.2 Diesel Luxury,Jaguar,2013.0,2190000.0,29000,Diesel
527,Q5 2.0 TDI quattro Premium Plus,Audi,2014.0,2390000.0,34000,Diesel
528,3 Series 320d Sedan,BMW,2011.0,1075000.0,35000,Diesel
529,Suzuki Swift ZXi 1.2 BS IV,Maruti,2015.0,475000.0,22000,Petrol
530,X1 sDrive20d,BMW,2012.0,1025000.0,41000,Diesel
531,Suzuki S Cross Sigma 1.3,Maruti,2016.0,615000.0,21000,Diesel
532,Suzuki Ertiga LDi,Maruti,2013.0,475000.0,48000,Diesel
533,Suzuki Alto K10 VXi AMT,Maruti,2016.0,270000.0,38000,Petrol
534,City SV,Honda,2014.0,475000.0,34000,Diesel
535,Vento Comfortline Petrol,Volkswagen,2011.0,240000.0,45933,Petrol
536,City 1.5 EXi New,Honda,2005.0,120000.0,68000,Petrol
537,A4 2.0 TDI 177bhp Premium,Audi,2016.0,1900000.0,44000,Diesel
538,KUV100,Mahindra,2017.0,360000.0,35000,Diesel
539,Zest XE 75 PS Diesel,Tata,2018.0,450000.0,102563,Diesel
540,XUV500 W8,Mahindra,2015.0,900000.0,28600,Diesel
541,Suzuki Swift Dzire Tour VDi,Maruti,2017.0,650000.0,41800,Diesel
542,Sumo Gold LX BS IV,Tata,2014.0,275000.0,116000,Diesel
543,Suzuki Swift Dzire VXi 1.2 BS IV,Maruti,2009.0,210000.0,59000,Petrol
544,Scorpio 2.6 SLX,Mahindra,2004.0,175000.0,58000,Diesel
545,Suzuki Omni 8 STR BS III,Maruti,2009.0,85000.0,45000,Petrol
546,Pajero Sport Limited Edition,Mitsubishi,2015.0,1490000.0,42590,Diesel
547,Duster,Renault,2014.0,800000.0,7400,Diesel
548,Jetta Comfortline 1.9 TDI AT,Volkswagen,2009.0,450000.0,54500,Diesel
549,Suzuki Ertiga Vxi,Maruti,2012.0,1000000.0,200000,Diesel
550,A4 2.0 TDI 177bhp Premium,Audi,2013.0,1510000.0,27000,Diesel
551,S80 Summum D4,Volvo,2015.0,1850000.0,42000,Diesel
552,Corolla Altis VL AT Petrol,Toyota,2014.0,790000.0,29000,Petrol
553,Pajero Sport 2.5 AT,Mitsubishi,2015.0,1725000.0,37000,Diesel
554,Beat LT Petrol,Chevrolet,2012.0,135000.0,36000,Petrol
555,X1,BMW,2011.0,1000000.0,34000,Diesel
556,Redi GO S,Datsun,2018.0,299999.0,7000,Petrol
557,Benz C Class C 220 CDI Avantgarde,Mercedes,2009.0,1225000.0,76000,Diesel
558,Scorpio SLX,Mahindra,2004.0,175000.0,60000,Diesel
559,Vento Comfortline Diesel,Volkswagen,2011.0,200000.0,95000,Diesel
560,Indigo CS GLS,Tata,2017.0,270000.0,50000,Diesel
561,City ZX GXi,Honda,2006.0,180000.0,50000,Petrol
562,Suzuki Wagon R Duo Lxi,Maruti,2008.0,140000.0,68000,Petrol
563,EcoSport Trend 1.5L TDCi,Ford,2014.0,400000.0,16000,Petrol
564,Suzuki Swift Dzire VDi,Maruti,2016.0,499000.0,51000,Diesel
565,Suzuki Omni 8 STR BS III,Maruti,2009.0,85000.0,56000,Petrol
566,Suzuki Zen LX BSII,Maruti,2004.0,70000.0,100000,Petrol
567,Duster RxL Petrol,Renault,2015.0,550000.0,36000,Petrol
568,Suzuki Swift VXi 1.2 BS IV,Maruti,2014.0,370000.0,11523,Petrol
569,Suzuki Baleno Zeta 1.2,Maruti,2018.0,690000.0,1000,Petrol
570,WR V S MT Petrol,Honda,2009.0,250000.0,60000,Petrol
571,Indigo CS eLX BS IV,Tata,2016.0,110000.0,85000,Diesel
572,Duster 110 PS RxL Diesel,Renault,2013.0,490000.0,38600,Diesel
573,Scorpio LX BS III,Mahindra,2009.0,320000.0,95500,Diesel
574,Suzuki Zen LXi BS III,Maruti,2004.0,68000.0,56000,Petrol
575,Suzuki Wagon R LXi BS III,Maruti,2014.0,130000.0,37458,Petrol
576,Suzuki SX4 Celebration Diesel,Maruti,2016.0,970000.0,85960,Diesel
577,A3 Cabriolet 40 TFSI,Audi,2015.0,3100000.0,12516,Petrol
578,Eon D Lite Plus,Hyundai,2018.0,280000.0,35000,Petrol
579,Scorpio SLX,Mahindra,2008.0,285000.0,80000,Diesel
580,Santro AE GLS Audio,Hyundai,2011.0,165000.0,45000,Petrol
581,Suzuki Swift Dzire Tour VDi,Maruti,2009.0,250000.0,51000,Diesel
582,Xylo D2 BS IV,Mahindra,2011.0,390000.0,48000,Diesel
583,Santro,Hyundai,2003.0,60000.0,51000,Petrol
584,Beat LT Diesel,Chevrolet,2015.0,215000.0,90000,Diesel
585,Suzuki Swift Dzire VDi,Maruti,2015.0,475000.0,43000,Diesel
586,XUV500 W8,Mahindra,2015.0,899000.0,53000,Diesel
587,Fortuner 3.0 4x4 MT,Toyota,2013.0,1499000.0,97000,Diesel
588,Suzuki Alto K10 VXi,Maruti,2013.0,240000.0,20000,Petrol
589,Getz GLE,Hyundai,2007.0,99000.0,55000,Petrol
590,Suzuki Swift Dzire Tour LDi,Maruti,2014.0,260000.0,120000,Diesel
591,Santro Xing XL AT eRLX Euro III,Hyundai,2007.0,115000.0,46000,Petrol
592,Santro Xing XL eRLX Euro III,Hyundai,2009.0,88000.0,43200,Petrol
593,Xylo D2 BS IV,Mahindra,2011.0,390000.0,56000,Diesel
594,Santro Xing XL eRLX Euro III,Hyundai,2007.0,135000.0,42000,Petrol
595,Indica V2 DLS BS III,Tata,2009.0,90000.0,30600,Diesel
596,i10 Sportz 1.2,Hyundai,2011.0,220000.0,38000,Petrol
597,Grand i10 Magna 1.2 Kappa VTVT,Hyundai,2017.0,424999.0,2550,Petrol
598,Santro Xing XL AT eRLX Euro III,Hyundai,2007.0,135000.0,47000,Petrol
599,City 1.5 E MT,Honda,2005.0,95000.0,41000,Petrol
600,Micra XL,Nissan,2017.0,430000.0,62500,Diesel
601,City 1.5 S Inspire,Honda,2005.0,115000.0,68000,Petrol
602,Suzuki Alto 800 Lxi,Maruti,2015.0,215000.0,50000,Petrol
603,Suzuki Wagon R LX BS III,Maruti,2004.0,53000.0,69000,Petrol
604,Suzuki Ertiga VDi,Maruti,2012.0,500000.0,48000,Diesel
605,Indica eV2 eXeta eGLX,Tata,2012.0,85000.0,55000,Diesel
606,Suzuki Omni E 8 STR BS IV,Maruti,2013.0,165000.0,25000,Petrol
607,Eon Era Plus,Hyundai,2014.0,200000.0,28400,Petrol
608,Eon,Hyundai,2014.0,200000.0,28000,Petrol
609,Suzuki Swift LDi,Maruti,2015.0,425000.0,42000,Diesel
610,Verna 1.6 CRDI SX Plus AT,Hyundai,2012.0,600000.0,29000,Diesel
611,Tavera LS B3 10 Seats BSII,Chevrolet,2005.0,130000.0,68485,Diesel
612,Tiago Revotron XM,Tata,2018.0,430000.0,3500,Petrol
613,Suzuki Zen LXi BS III,Maruti,2006.0,71000.0,32000,Petrol
614,KUV100 K8 D 6 STR,Mahindra,2018.0,560000.0,8000,Diesel
615,EcoSport Titanium 1.5 TDCi,Ford,2014.0,590000.0,34000,Diesel
616,Motors Ambassador Classic Mark 4 – Befo,Hindustan,1995.0,750000.0,37000,Petrol
617,Fusion 1.4 TDCi Diesel,Ford,2007.0,125000.0,85455,Diesel
618,Santro Xing XL AT eRLX Euro III,Hyundai,2007.0,135000.0,46000,Petrol
619,Santro,Hyundai,2002.0,60000.0,47000,Petrol
620,Linea Emotion 1.4 L T Jet Petrol,Fiat,2009.0,120000.0,64000,Petrol
621,Ikon 1.3 Flair Josh 100,Ford,2008.0,95000.0,46000,Petrol
622,Suzuki Omni E 8 STR BS IV,Maruti,2017.0,240000.0,8000,Petrol
623,Indica V2 LS,Tata,2012.0,115000.0,64000,Diesel
624,Scorpio S4,Mahindra,2015.0,795000.0,63000,Diesel
625,Santro Xing XL eRLX Euro III,Hyundai,2007.0,55000.0,65000,Petrol
626,Xylo D2,Mahindra,2009.0,300000.0,62000,Diesel
627,Grand i10 Asta 1.2 Kappa VTVT,Hyundai,2014.0,320000.0,41000,Petrol
628,Suzuki Alto 800 Lxi,Maruti,2015.0,265000.0,14000,Petrol
629,Corolla,Toyota,2006.0,160000.0,40000,Petrol
630,Eon Magna,Hyundai,2017.0,300000.0,1600,Petrol
631,Sumo Grande MKII GX,Tata,2010.0,130000.0,90000,Diesel
632,Suzuki Swift VDi,Maruti,2011.0,250000.0,58000,Diesel
633,Polo Highline1.2L P,Volkswagen,2013.0,380000.0,27000,Petrol
634,Suzuki Alto 800 Lx,Maruti,2003.0,42000.0,60000,Petrol
635,Tiago Revotron XZ,Tata,2017.0,400000.0,31000,Petrol
636,Suzuki Swift LDi,Maruti,2009.0,120000.0,90000,Diesel
637,Suzuki Swift VDi,Maruti,2009.0,120000.0,90000,Diesel
638,Indigo eCS,Tata,2016.0,130000.0,150000,Diesel
639,Beat LS Diesel,Chevrolet,2014.0,189000.0,31000,Diesel
640,Xylo E8 BS IV,Mahindra,2011.0,365000.0,43000,Diesel
641,Eon D Lite Plus,Hyundai,2013.0,170000.0,20000,Petrol
642,Sumo Gold FX BSIII,Tata,2013.0,215000.0,100000,Petrol
643,Nano,Tata,2013.0,60000.0,7000,Petrol
644,Elite i20,Hyundai,2017.0,599999.0,31000,Petrol
645,i10 Magna 1.2 Kappa2,Hyundai,2009.0,400000.0,33000,Petrol
646,Creta,Hyundai,2016.0,900000.0,60000,Diesel
647,Polo,Volkswagen,2013.0,299999.0,48000,Diesel
648,Suzuki Dzire,Maruti,2014.0,374999.0,33000,Petrol
649,Bolt XM Petrol,Tata,2015.0,600000.0,15000,Petrol
650,Suzuki Alto 800 Lx,Maruti,2005.0,70000.0,47000,Petrol
651,Suzuki Alto,Maruti,2005.0,100000.0,40000,Petrol
652,Suzuki Ritz,Maruti,2010.0,150000.0,38000,Diesel
653,Suzuki Alto 800 Lxi,Maruti,2017.0,225000.0,12500,Petrol
654,Suzuki Dzire,Maruti,2009.0,210000.0,42000,Petrol
655,i20 Asta,Hyundai,2014.0,425000.0,31000,Petrol
656,Suzuki Swift Select Variant,Maruti,2008.0,162000.0,60000,Diesel
657,Indica V2 DLX BS III,Tata,2005.0,60000.0,80000,Diesel
658,Scorpio VLX 2.2 mHawk Airbag BSIV,Mahindra,2014.0,650000.0,77000,Diesel
659,Innova 2.5 E 8 STR,Toyota,2012.0,750000.0,75000,Diesel
660,Xylo E8,Mahindra,2010.0,375000.0,40000,Diesel
661,i20 Magna 1.2,Hyundai,2011.0,230000.0,47000,Petrol
662,Suzuki Omni,Maruti,2000.0,35999.0,60000,Petrol
663,KUV100,Mahindra,2016.0,380000.0,26500,Petrol
664,KUV100 K8 6 STR,Mahindra,2019.0,560000.0,2875,Petrol
665,Go Plus,Datsun,2016.0,285000.0,13900,Petrol
666,Endeavor 4x4 Thunder Plus,Ford,2019.0,2900000.0,9000,Diesel
667,Indica V2,Tata,2005.0,39999.0,80000,Diesel
668,Santro Xing GL,Hyundai,2006.0,85000.0,60000,Petrol
669,Suzuki Wagon R 1.0 VXi,Maruti,2016.0,395000.0,20000,Petrol
670,Suzuki Swift Select Variant,Maruti,2008.0,175000.0,58000,Diesel
671,Suzuki Alto 800 Lx,Maruti,2019.0,400000.0,1500,Petrol
672,Innova 2.5 Z Diesel 7 Seater,Toyota,2011.0,750000.0,75000,Diesel
673,Suzuki Alto 800,Maruti,2016.0,250000.0,2450,Petrol
674,Suzuki Alto AX,Maruti,2019.0,425000.0,1625,Petrol
675,Polo Highline1.2L P,Volkswagen,2017.0,525000.0,45000,Petrol
676,Logan,Mahindra,2009.0,130000.0,65000,Diesel
677,Suzuki 800 Std BS III,Maruti,2000.0,30000.0,33400,Petrol
678,Scorpio,Mahindra,2011.0,475000.0,60123,Diesel
679,Sail 1.2 LS,Chevrolet,2013.0,300000.0,28000,Petrol
680,Santro AE GLS Audio,Hyundai,2003.0,60000.0,70000,Petrol
681,Suzuki Wagon R VXi Minor,Maruti,2006.0,100000.0,7000,Petrol
682,Eon,Hyundai,2018.0,260000.0,25000,Petrol
683,Manza,Tata,2015.0,100000.0,100000,Diesel
684,Etios G,Toyota,2013.0,265000.0,42000,Petrol
685,Qualis,Toyota,2003.0,180000.0,100000,Diesel
686,Santro Xing,Hyundai,2004.0,45000.0,137495,Petrol
687,Indica eV2 LS,Tata,2016.0,50500.0,91200,Diesel
688,City 1.5 S MT,Honda,2009.0,270000.0,55000,Petrol
689,Zest XE 75 PS Diesel,Tata,2017.0,290000.0,120000,Diesel
690,Quanto C4,Mahindra,2013.0,325000.0,63000,Diesel
691,Indigo eCS LX CR4 BS IV,Tata,2016.0,160000.0,104000,Diesel
692,Suzuki Swift Dzire,Maruti,2016.0,350000.0,146000,Diesel
693,Elite i20,Hyundai,2011.0,290000.0,40000,Petrol
694,i20 Select Variant,Hyundai,2011.0,290000.0,40000,Petrol
695,Tavera Neo,Chevrolet,2007.0,465000.0,100800,Diesel
696,Suzuki Dzire,Maruti,2016.0,325000.0,150000,Diesel
697,Elite i20,Hyundai,2018.0,510000.0,2100,Petrol
698,City VX Petrol,Honda,2016.0,860000.0,95000,Petrol
699,Suzuki Dzire,Maruti,2016.0,450000.0,2500,Diesel
700,Getz,Hyundai,2006.0,125000.0,80000,Petrol
701,Benz C Class 200 K MT,Mercedes,2006.0,500001.0,15000,Petrol
702,Suzuki Alto LXi BS III,Maruti,2005.0,95000.0,65000,Petrol
703,Fabia,Skoda,2009.0,110000.0,45000,Petrol
704,Suzuki Ritz VXI ABS,Maruti,2011.0,270000.0,50000,Petrol
705,Indica V2 DLE BS III,Tata,2009.0,110000.0,30000,Diesel
706,Corolla Altis,Toyota,2009.0,300000.0,132000,Petrol
707,Zest XM Diesel,Tata,2018.0,260000.0,27000,Diesel
708,Quanto C8,Mahindra,2013.0,390000.0,40000,Diesel
